Processes,MatrixSize,Runs,Repetitions,AverageSeconds,MinSeconds,MaxSeconds,Speedup,Efficiency
1,1024,3,1,1.889514,1.804772,1.944788,1.000,1.000
2,1024,3,1,1.130998,1.035239,1.193729,1.671,0.835
4,1024,3,1,0.702420,0.671265,0.721223,2.690,0.673
